time,ay,ax,az,gy,gx,gz,roll,pitch,yaw,cmd_fx,cmd_fy,cmd_fz,cmd_tx,cmd_ty,cmd_tz,pwm_1,pwm_2,pwm_3,pwm_4,pwm_5,pwm_6
1747554013.363532,0.0,0.0,0.0,0.0,0.0,0.0,0.0,0.0,0.0,0,0,0,0,0,0,1500,1500,1500,1500,1500,1500
1747554013.4534519,0.09,0.0,-0.04,0.0,-0.002181661564992912,-0.007635815477475192,2.0330236601218132,-0.13311745538789047,1.47680540814943,0,0,0,0,0,0,1500,1500,1500,1500,1500,1500
1747554013.5538843,0.09,0.0,-0.04,0.0,-0.002181661564992912,-0.007635815477475192,2.0330236601218132,-0.13311745538789047,1.47680540814943,0,0,0,0,0,0,1500,1500,1500,1500,1500,1500
1747554013.6531415,0.12,0.0,-0.03,0.001090830782496456,0.00545415391248228,0.002181661564992912,2.0330236601218132,-0.13311745538789047,1.47680540814943,0,0,0,0,0,0,1500,1500,1500,1500,1500,1500
1747554013.7463913,0.17,0.03,0.07,0.004363323129985824,0.004363323129985824,0.006544984694978736,2.0330236601218132,-0.13311745538789047,1.47680540814943,0,0,0,0,0,0,1500,1500,1500,1500,1500,1500
1747554013.8525302,0.17,0.03,0.07,0.004363323129985824,0.004363323129985824,0.006544984694978736,2.0330236601218132,-0.13311745538789047,1.47680540814943,0,0,0,0,0,0,1500,1500,1500,1500,1500,1500
1747554013.9518077,0.1,0.0,-0.02,0.0,0.008726646259971648,0.007635815477475192,2.0330236601218132,-0.13311745538789047,1.47680540814943,0,0,0,0,0,0,1500,1500,1500,1500,1500,1500
1747554014.052016,0.1,0.0,-0.02,0.0,0.008726646259971648,0.007635815477475192,2.0330236601218132,-0.13311745538789047,1.47680540814943,0,0,0,0,0,0,1500,1500,1500,1500,1500,1500
1747554014.1368394,0.16,0.01,0.05,-0.001090830782496456,-0.002181661564992912,0.003272492347489368,2.0330852368960954,-0.1332764283866271,1.4766659265594473,0,0,0,0,0,0,1500,1500,1500,1500,1500,1500
